p, admin, /*, (GET)|(POST)|(DELETE)|(PUT)

p, manager, /User*, (GET)|(POST)|(DELETE)|(PUT)
p, manager, /Role*, (GET)|(POST)|(DELETE)|(PUT)
p, manager, /Group*, (GET)|(POST)|(DELETE)|(PUT)
p, manager, /DataInstance*, GET
p, manager, /DataSetType*, (GET)|(POST)|(DELETE)|(PUT)
p, manager, /DataSet*, (GET)|(POST)|(DELETE)|(PUT)
p, manager, /LabelTask*, (GET)|(POST)|(DELETE)|(PUT)
p, manager, /LabelNode*, (GET)|(POST)|(DELETE)|(PUT)
p, manager, /LabelRule*, (GET)|(POST)|(DELETE)|(PUT)
p, manager, /img*, GET
p, manager, /AsyncTask*, GET

p, operator, /LabelTask*, GET
p, operator, /LabelNode*, (GET)|(POST)|(PUT)
p, operator, /img*, GET
p, operator, /AsyncTask*, GET

p, demander, /User*, (GET)|(POST)|(DELETE)|(PUT)
p, demander, /Role*, (GET)|(POST)|(DELETE)|(PUT)
p, demander, /Group*, (GET)|(POST)|(DELETE)|(PUT)
p, demander, /DataInstance*, GET
p, demander, /DataSet*, (GET)|(POST)|(DELETE)|(PUT)
p, demander, /DataSetType*, (GET)|(POST)|(DELETE)|(PUT)
p, demander, /LabelRule*, (GET)|(POST)|(DELETE)|(PUT)
p, demander, /LabelTask*, (GET)|(POST)|(DELETE)|(PUT)
p, demander, /LabelNode*, (GET)|(POST)|(PUT)
p, demander, /img*, GET
p, demander, /AsyncTask*, GET

p, operatorldr, /LabelTask*, GET
p, operatorldr, /LabelNode*, (GET)|(POST)|(PUT)
p, operatorldr, /img*, GET
p, operatorldr, /Group*, GET
